,user,timeline_url
0,"{'login': 'from-nowhere', 'id': 67782399, 'node_id': 'MDQ6VXNlcjY3NzgyMzk5', 'avatar_url': 'https://avatars.githubusercontent.com/u/67782399?v=4', 'gravatar_id': '', 'url': 'https://api.github.com/users/from-nowhere', 'html_url': 'https://github.com/from-nowhere', 'followers_url': 'https://api.github.com/users/from-nowhere/followers', 'following_url': 'https://api.github.com/users/from-nowhere/following{/other_user}', 'gists_url': 'https://api.github.com/users/from-nowhere/gists{/gist_id}', 'starred_url': 'https://api.github.com/users/from-nowhere/starred{/owner}{/repo}', 'subscriptions_url': 'https://api.github.com/users/from-nowhere/subscriptions', 'organizations_url': 'https://api.github.com/users/from-nowhere/orgs', 'repos_url': 'https://api.github.com/users/from-nowhere/repos', 'events_url': 'https://api.github.com/users/from-nowhere/events{/privacy}', 'received_events_url': 'https://api.github.com/users/from-nowhere/received_events', 'type': 'User', 'site_admin': False}",https://api.github.com/repos/pandas-dev/pandas/issues/57565/timeline
1,"{'login': 'BohdanBilonoh', 'id': 14905005, 'node_id': 'MDQ6VXNlcjE0OTA1MDA1', 'avatar_url': 'https://avatars.githubusercontent.com/u/14905005?v=4', 'gravatar_id': '', 'url': 'https://api.github.com/users/BohdanBilonoh', 'html_url': 'https://github.com/BohdanBilonoh', 'followers_url': 'https://api.github.com/users/BohdanBilonoh/followers', 'following_url': 'https://api.github.com/users/BohdanBilonoh/following{/other_user}', 'gists_url': 'https://api.github.com/users/BohdanBilonoh/gists{/gist_id}', 'starred_url': 'https://api.github.com/users/BohdanBilonoh/starred{/owner}{/repo}', 'subscriptions_url': 'https://api.github.com/users/BohdanBilonoh/subscriptions', 'organizations_url': 'https://api.github.com/users/BohdanBilonoh/orgs', 'repos_url': 'https://api.github.com/users/BohdanBilonoh/repos', 'events_url': 'https://api.github.com/users/BohdanBilonoh/events{/privacy}', 'received_events_url': 'https://api.github.com/users/BohdanBilonoh/received_events', 'type': 'User', 'site_admin': False}",https://api.github.com/repos/pandas-dev/pandas/issues/57564/timeline
2,"{'login': 'jordan-d-murphy', 'id': 35613487, 'node_id': 'MDQ6VXNlcjM1NjEzNDg3', 'avatar_url': 'https://avatars.githubusercontent.com/u/35613487?v=4', 'gravatar_id': '', 'url': 'https://api.github.com/users/jordan-d-murphy', 'html_url': 'https://github.com/jordan-d-murphy', 'followers_url': 'https://api.github.com/users/jordan-d-murphy/followers', 'following_url': 'https://api.github.com/users/jordan-d-murphy/following{/other_user}', 'gists_url': 'https://api.github.com/users/jordan-d-murphy/gists{/gist_id}', 'starred_url': 'https://api.github.com/users/jordan-d-murphy/starred{/owner}{/repo}', 'subscriptions_url': 'https://api.github.com/users/jordan-d-murphy/subscriptions', 'organizations_url': 'https://api.github.com/users/jordan-d-murphy/orgs', 'repos_url': 'https://api.github.com/users/jordan-d-murphy/repos', 'events_url': 'https://api.github.com/users/jordan-d-murphy/events{/privacy}', 'received_events_url': 'https://api.github.com/users/jordan-d-murphy/received_events', 'type': 'User', 'site_admin': False}",https://api.github.com/repos/pandas-dev/pandas/issues/57563/timeline
3,"{'login': 'jordan-d-murphy', 'id': 35613487, 'node_id': 'MDQ6VXNlcjM1NjEzNDg3', 'avatar_url': 'https://avatars.githubusercontent.com/u/35613487?v=4', 'gravatar_id': '', 'url': 'https://api.github.com/users/jordan-d-murphy', 'html_url': 'https://github.com/jordan-d-murphy', 'followers_url': 'https://api.github.com/users/jordan-d-murphy/followers', 'following_url': 'https://api.github.com/users/jordan-d-murphy/following{/other_user}', 'gists_url': 'https://api.github.com/users/jordan-d-murphy/gists{/gist_id}', 'starred_url': 'https://api.github.com/users/jordan-d-murphy/starred{/owner}{/repo}', 'subscriptions_url': 'https://api.github.com/users/jordan-d-murphy/subscriptions', 'organizations_url': 'https://api.github.com/users/jordan-d-murphy/orgs', 'repos_url': 'https://api.github.com/users/jordan-d-murphy/repos', 'events_url': 'https://api.github.com/users/jordan-d-murphy/events{/privacy}', 'received_events_url': 'https://api.github.com/users/jordan-d-murphy/received_events', 'type': 'User', 'site_admin': False}",https://api.github.com/repos/pandas-dev/pandas/issues/57562/timeline
4,"{'login': 'jordan-d-murphy', 'id': 35613487, 'node_id': 'MDQ6VXNlcjM1NjEzNDg3', 'avatar_url': 'https://avatars.githubusercontent.com/u/35613487?v=4', 'gravatar_id': '', 'url': 'https://api.github.com/users/jordan-d-murphy', 'html_url': 'https://github.com/jordan-d-murphy', 'followers_url': 'https://api.github.com/users/jordan-d-murphy/followers', 'following_url': 'https://api.github.com/users/jordan-d-murphy/following{/other_user}', 'gists_url': 'https://api.github.com/users/jordan-d-murphy/gists{/gist_id}', 'starred_url': 'https://api.github.com/users/jordan-d-murphy/starred{/owner}{/repo}', 'subscriptions_url': 'https://api.github.com/users/jordan-d-murphy/subscriptions', 'organizations_url': 'https://api.github.com/users/jordan-d-murphy/orgs', 'repos_url': 'https://api.github.com/users/jordan-d-murphy/repos', 'events_url': 'https://api.github.com/users/jordan-d-murphy/events{/privacy}', 'received_events_url': 'https://api.github.com/users/jordan-d-murphy/received_events', 'type': 'User', 'site_admin': False}",https://api.github.com/repos/pandas-dev/pandas/issues/57561/timeline
5,"{'login': 'mroeschke', 'id': 10647082, 'node_id': 'MDQ6VXNlcjEwNjQ3MDgy', 'avatar_url': 'https://avatars.githubusercontent.com/u/10647082?v=4', 'gravatar_id': '', 'url': 'https://api.github.com/users/mroeschke', 'html_url': 'https://github.com/mroeschke', 'followers_url': 'https://api.github.com/users/mroeschke/followers', 'following_url': 'https://api.github.com/users/mroeschke/following{/other_user}', 'gists_url': 'https://api.github.com/users/mroeschke/gists{/gist_id}', 'starred_url': 'https://api.github.com/users/mroeschke/starred{/owner}{/repo}', 'subscriptions_url': 'https://api.github.com/users/mroeschke/subscriptions', 'organizations_url': 'https://api.github.com/users/mroeschke/orgs', 'repos_url': 'https://api.github.com/users/mroeschke/repos', 'events_url': 'https://api.github.com/users/mroeschke/events{/privacy}', 'received_events_url': 'https://api.github.com/users/mroeschke/received_events', 'type': 'User', 'site_admin': False}",https://api.github.com/repos/pandas-dev/pandas/issues/57560/timeline
6,"{'login': 'phofl', 'id': 61934744, 'node_id': 'MDQ6VXNlcjYxOTM0NzQ0', 'avatar_url': 'https://avatars.githubusercontent.com/u/61934744?v=4', 'gravatar_id': '', 'url': 'https://api.github.com/users/phofl', 'html_url': 'https://github.com/phofl', 'followers_url': 'https://api.github.com/users/phofl/followers', 'following_url': 'https://api.github.com/users/phofl/following{/other_user}', 'gists_url': 'https://api.github.com/users/phofl/gists{/gist_id}', 'starred_url': 'https://api.github.com/users/phofl/starred{/owner}{/repo}', 'subscriptions_url': 'https://api.github.com/users/phofl/subscriptions', 'organizations_url': 'https://api.github.com/users/phofl/orgs', 'repos_url': 'https://api.github.com/users/phofl/repos', 'events_url': 'https://api.github.com/users/phofl/events{/privacy}', 'received_events_url': 'https://api.github.com/users/phofl/received_events', 'type': 'User', 'site_admin': False}",https://api.github.com/repos/pandas-dev/pandas/issues/57559/timeline
7,"{'login': 'phofl', 'id': 61934744, 'node_id': 'MDQ6VXNlcjYxOTM0NzQ0', 'avatar_url': 'https://avatars.githubusercontent.com/u/61934744?v=4', 'gravatar_id': '', 'url': 'https://api.github.com/users/phofl', 'html_url': 'https://github.com/phofl', 'followers_url': 'https://api.github.com/users/phofl/followers', 'following_url': 'https://api.github.com/users/phofl/following{/other_user}', 'gists_url': 'https://api.github.com/users/phofl/gists{/gist_id}', 'starred_url': 'https://api.github.com/users/phofl/starred{/owner}{/repo}', 'subscriptions_url': 'https://api.github.com/users/phofl/subscriptions', 'organizations_url': 'https://api.github.com/users/phofl/orgs', 'repos_url': 'https://api.github.com/users/phofl/repos', 'events_url': 'https://api.github.com/users/phofl/events{/privacy}', 'received_events_url': 'https://api.github.com/users/phofl/received_events', 'type': 'User', 'site_admin': False}",https://api.github.com/repos/pandas-dev/pandas/issues/57556/timeline
8,"{'login': 'mroeschke', 'id': 10647082, 'node_id': 'MDQ6VXNlcjEwNjQ3MDgy', 'avatar_url': 'https://avatars.githubusercontent.com/u/10647082?v=4', 'gravatar_id': '', 'url': 'https://api.github.com/users/mroeschke', 'html_url': 'https://github.com/mroeschke', 'followers_url': 'https://api.github.com/users/mroeschke/followers', 'following_url': 'https://api.github.com/users/mroeschke/following{/other_user}', 'gists_url': 'https://api.github.com/users/mroeschke/gists{/gist_id}', 'starred_url': 'https://api.github.com/users/mroeschke/starred{/owner}{/repo}', 'subscriptions_url': 'https://api.github.com/users/mroeschke/subscriptions', 'organizations_url': 'https://api.github.com/users/mroeschke/orgs', 'repos_url': 'https://api.github.com/users/mroeschke/repos', 'events_url': 'https://api.github.com/users/mroeschke/events{/privacy}', 'received_events_url': 'https://api.github.com/users/mroeschke/received_events', 'type': 'User', 'site_admin': False}",https://api.github.com/repos/pandas-dev/pandas/issues/57555/timeline
9,"{'login': 'jbrockmendel', 'id': 8078968, 'node_id': 'MDQ6VXNlcjgwNzg5Njg=', 'avatar_url': 'https://avatars.githubusercontent.com/u/8078968?v=4', 'gravatar_id': '', 'url': 'https://api.github.com/users/jbrockmendel', 'html_url': 'https://github.com/jbrockmendel', 'followers_url': 'https://api.github.com/users/jbrockmendel/followers', 'following_url': 'https://api.github.com/users/jbrockmendel/following{/other_user}', 'gists_url': 'https://api.github.com/users/jbrockmendel/gists{/gist_id}', 'starred_url': 'https://api.github.com/users/jbrockmendel/starred{/owner}{/repo}', 'subscriptions_url': 'https://api.github.com/users/jbrockmendel/subscriptions', 'organizations_url': 'https://api.github.com/users/jbrockmendel/orgs', 'repos_url': 'https://api.github.com/users/jbrockmendel/repos', 'events_url': 'https://api.github.com/users/jbrockmendel/events{/privacy}', 'received_events_url': 'https://api.github.com/users/jbrockmendel/received_events', 'type': 'User', 'site_admin': False}",https://api.github.com/repos/pandas-dev/pandas/issues/57553/timeline
10,"{'login': 'datapythonista', 'id': 10058240, 'node_id': 'MDQ6VXNlcjEwMDU4MjQw', 'avatar_url': 'https://avatars.githubusercontent.com/u/10058240?v=4', 'gravatar_id': '', 'url': 'https://api.github.com/users/datapythonista', 'html_url': 'https://github.com/datapythonista', 'followers_url': 'https://api.github.com/users/datapythonista/followers', 'following_url': 'https://api.github.com/users/datapythonista/following{/other_user}', 'gists_url': 'https://api.github.com/users/datapythonista/gists{/gist_id}', 'starred_url': 'https://api.github.com/users/datapythonista/starred{/owner}{/repo}', 'subscriptions_url': 'https://api.github.com/users/datapythonista/subscriptions', 'organizations_url': 'https://api.github.com/users/datapythonista/orgs', 'repos_url': 'https://api.github.com/users/datapythonista/repos', 'events_url': 'https://api.github.com/users/datapythonista/events{/privacy}', 'received_events_url': 'https://api.github.com/users/datapythonista/received_events', 'type': 'User', 'site_admin': False}",https://api.github.com/repos/pandas-dev/pandas/issues/57550/timeline
11,"{'login': 'malte-fu', 'id': 160752251, 'node_id': 'U_kgDOCZTiew', 'avatar_url': 'https://avatars.githubusercontent.com/u/160752251?v=4', 'gravatar_id': '', 'url': 'https://api.github.com/users/malte-fu', 'html_url': 'https://github.com/malte-fu', 'followers_url': 'https://api.github.com/users/malte-fu/followers', 'following_url': 'https://api.github.com/users/malte-fu/following{/other_user}', 'gists_url': 'https://api.github.com/users/malte-fu/gists{/gist_id}', 'starred_url': 'https://api.github.com/users/malte-fu/starred{/owner}{/repo}', 'subscriptions_url': 'https://api.github.com/users/malte-fu/subscriptions', 'organizations_url': 'https://api.github.com/users/malte-fu/orgs', 'repos_url': 'https://api.github.com/users/malte-fu/repos', 'events_url': 'https://api.github.com/users/malte-fu/events{/privacy}', 'received_events_url': 'https://api.github.com/users/malte-fu/received_events', 'type': 'User', 'site_admin': False}",https://api.github.com/repos/pandas-dev/pandas/issues/57549/timeline
12,"{'login': 'QuLogic', 'id': 302469, 'node_id': 'MDQ6VXNlcjMwMjQ2OQ==', 'avatar_url': 'https://avatars.githubusercontent.com/u/302469?v=4', 'gravatar_id': '', 'url': 'https://api.github.com/users/QuLogic', 'html_url': 'https://github.com/QuLogic', 'followers_url': 'https://api.github.com/users/QuLogic/followers', 'following_url': 'https://api.github.com/users/QuLogic/following{/other_user}', 'gists_url': 'https://api.github.com/users/QuLogic/gists{/gist_id}', 'starred_url': 'https://api.github.com/users/QuLogic/starred{/owner}{/repo}', 'subscriptions_url': 'https://api.github.com/users/QuLogic/subscriptions', 'organizations_url': 'https://api.github.com/users/QuLogic/orgs', 'repos_url': 'https://api.github.com/users/QuLogic/repos', 'events_url': 'https://api.github.com/users/QuLogic/events{/privacy}', 'received_events_url': 'https://api.github.com/users/QuLogic/received_events', 'type': 'User', 'site_admin': False}",https://api.github.com/repos/pandas-dev/pandas/issues/57548/timeline
13,"{'login': 'thomas-intellegens', 'id': 98812604, 'node_id': 'U_kgDOBePCvA', 'avatar_url': 'https://avatars.githubusercontent.com/u/98812604?v=4', 'gravatar_id': '', 'url': 'https://api.github.com/users/thomas-intellegens', 'html_url': 'https://github.com/thomas-intellegens', 'followers_url': 'https://api.github.com/users/thomas-intellegens/followers', 'following_url': 'https://api.github.com/users/thomas-intellegens/following{/other_user}', 'gists_url': 'https://api.github.com/users/thomas-intellegens/gists{/gist_id}', 'starred_url': 'https://api.github.com/users/thomas-intellegens/starred{/owner}{/repo}', 'subscriptions_url': 'https://api.github.com/users/thomas-intellegens/subscriptions', 'organizations_url': 'https://api.github.com/users/thomas-intellegens/orgs', 'repos_url': 'https://api.github.com/users/thomas-intellegens/repos', 'events_url': 'https://api.github.com/users/thomas-intellegens/events{/privacy}', 'received_events_url': 'https://api.github.com/users/thomas-intellegens/received_events', 'type': 'User', 'site_admin': False}",https://api.github.com/repos/pandas-dev/pandas/issues/57547/timeline
14,"{'login': 'merlinymy', 'id': 83283194, 'node_id': 'MDQ6VXNlcjgzMjgzMTk0', 'avatar_url': 'https://avatars.githubusercontent.com/u/83283194?v=4', 'gravatar_id': '', 'url': 'https://api.github.com/users/merlinymy', 'html_url': 'https://github.com/merlinymy', 'followers_url': 'https://api.github.com/users/merlinymy/followers', 'following_url': 'https://api.github.com/users/merlinymy/following{/other_user}', 'gists_url': 'https://api.github.com/users/merlinymy/gists{/gist_id}', 'starred_url': 'https://api.github.com/users/merlinymy/starred{/owner}{/repo}', 'subscriptions_url': 'https://api.github.com/users/merlinymy/subscriptions', 'organizations_url': 'https://api.github.com/users/merlinymy/orgs', 'repos_url': 'https://api.github.com/users/merlinymy/repos', 'events_url': 'https://api.github.com/users/merlinymy/events{/privacy}', 'received_events_url': 'https://api.github.com/users/merlinymy/received_events', 'type': 'User', 'site_admin': False}",https://api.github.com/repos/pandas-dev/pandas/issues/57546/timeline
15,"{'login': 'treefern', 'id': 95725385, 'node_id': 'U_kgDOBbSnSQ', 'avatar_url': 'https://avatars.githubusercontent.com/u/95725385?v=4', 'gravatar_id': '', 'url': 'https://api.github.com/users/treefern', 'html_url': 'https://github.com/treefern', 'followers_url': 'https://api.github.com/users/treefern/followers', 'following_url': 'https://api.github.com/users/treefern/following{/other_user}', 'gists_url': 'https://api.github.com/users/treefern/gists{/gist_id}', 'starred_url': 'https://api.github.com/users/treefern/starred{/owner}{/repo}', 'subscriptions_url': 'https://api.github.com/users/treefern/subscriptions', 'organizations_url': 'https://api.github.com/users/treefern/orgs', 'repos_url': 'https://api.github.com/users/treefern/repos', 'events_url': 'https://api.github.com/users/treefern/events{/privacy}', 'received_events_url': 'https://api.github.com/users/treefern/received_events', 'type': 'User', 'site_admin': False}",https://api.github.com/repos/pandas-dev/pandas/issues/57545/timeline
16,"{'login': 'rhshadrach', 'id': 45562402, 'node_id': 'MDQ6VXNlcjQ1NTYyNDAy', 'avatar_url': 'https://avatars.githubusercontent.com/u/45562402?v=4', 'gravatar_id': '', 'url': 'https://api.github.com/users/rhshadrach', 'html_url': 'https://github.com/rhshadrach', 'followers_url': 'https://api.github.com/users/rhshadrach/followers', 'following_url': 'https://api.github.com/users/rhshadrach/following{/other_user}', 'gists_url': 'https://api.github.com/users/rhshadrach/gists{/gist_id}', 'starred_url': 'https://api.github.com/users/rhshadrach/starred{/owner}{/repo}', 'subscriptions_url': 'https://api.github.com/users/rhshadrach/subscriptions', 'organizations_url': 'https://api.github.com/users/rhshadrach/orgs', 'repos_url': 'https://api.github.com/users/rhshadrach/repos', 'events_url': 'https://api.github.com/users/rhshadrach/events{/privacy}', 'received_events_url': 'https://api.github.com/users/rhshadrach/received_events', 'type': 'User', 'site_admin': False}",https://api.github.com/repos/pandas-dev/pandas/issues/57544/timeline
17,"{'login': 'williamking1221', 'id': 83783296, 'node_id': 'MDQ6VXNlcjgzNzgzMjk2', 'avatar_url': 'https://avatars.githubusercontent.com/u/83783296?v=4', 'gravatar_id': '', 'url': 'https://api.github.com/users/williamking1221', 'html_url': 'https://github.com/williamking1221', 'followers_url': 'https://api.github.com/users/williamking1221/followers', 'following_url': 'https://api.github.com/users/williamking1221/following{/other_user}', 'gists_url': 'https://api.github.com/users/williamking1221/gists{/gist_id}', 'starred_url': 'https://api.github.com/users/williamking1221/starred{/owner}{/repo}', 'subscriptions_url': 'https://api.github.com/users/williamking1221/subscriptions', 'organizations_url': 'https://api.github.com/users/williamking1221/orgs', 'repos_url': 'https://api.github.com/users/williamking1221/repos', 'events_url': 'https://api.github.com/users/williamking1221/events{/privacy}', 'received_events_url': 'https://api.github.com/users/williamking1221/received_events', 'type': 'User', 'site_admin': False}",https://api.github.com/repos/pandas-dev/pandas/issues/57540/timeline
18,"{'login': 'LeonLuttenberger', 'id': 15194249, 'node_id': 'MDQ6VXNlcjE1MTk0MjQ5', 'avatar_url': 'https://avatars.githubusercontent.com/u/15194249?v=4', 'gravatar_id': '', 'url': 'https://api.github.com/users/LeonLuttenberger', 'html_url': 'https://github.com/LeonLuttenberger', 'followers_url': 'https://api.github.com/users/LeonLuttenberger/followers', 'following_url': 'https://api.github.com/users/LeonLuttenberger/following{/other_user}', 'gists_url': 'https://api.github.com/users/LeonLuttenberger/gists{/gist_id}', 'starred_url': 'https://api.github.com/users/LeonLuttenberger/starred{/owner}{/repo}', 'subscriptions_url': 'https://api.github.com/users/LeonLuttenberger/subscriptions', 'organizations_url': 'https://api.github.com/users/LeonLuttenberger/orgs', 'repos_url': 'https://api.github.com/users/LeonLuttenberger/repos', 'events_url': 'https://api.github.com/users/LeonLuttenberger/events{/privacy}', 'received_events_url': 'https://api.github.com/users/LeonLuttenberger/received_events', 'type': 'User', 'site_admin': False}",https://api.github.com/repos/pandas-dev/pandas/issues/57539/timeline
19,"{'login': 'galipremsagar', 'id': 11664259, 'node_id': 'MDQ6VXNlcjExNjY0MjU5', 'avatar_url': 'https://avatars.githubusercontent.com/u/11664259?v=4', 'gravatar_id': '', 'url': 'https://api.github.com/users/galipremsagar', 'html_url': 'https://github.com/galipremsagar', 'followers_url': 'https://api.github.com/users/galipremsagar/followers', 'following_url': 'https://api.github.com/users/galipremsagar/following{/other_user}', 'gists_url': 'https://api.github.com/users/galipremsagar/gists{/gist_id}', 'starred_url': 'https://api.github.com/users/galipremsagar/starred{/owner}{/repo}', 'subscriptions_url': 'https://api.github.com/users/galipremsagar/subscriptions', 'organizations_url': 'https://api.github.com/users/galipremsagar/orgs', 'repos_url': 'https://api.github.com/users/galipremsagar/repos', 'events_url': 'https://api.github.com/users/galipremsagar/events{/privacy}', 'received_events_url': 'https://api.github.com/users/galipremsagar/received_events', 'type': 'User', 'site_admin': False}",https://api.github.com/repos/pandas-dev/pandas/issues/57531/timeline
20,"{'login': 'gabuzi', 'id': 15203081, 'node_id': 'MDQ6VXNlcjE1MjAzMDgx', 'avatar_url': 'https://avatars.githubusercontent.com/u/15203081?v=4', 'gravatar_id': '', 'url': 'https://api.github.com/users/gabuzi', 'html_url': 'https://github.com/gabuzi', 'followers_url': 'https://api.github.com/users/gabuzi/followers', 'following_url': 'https://api.github.com/users/gabuzi/following{/other_user}', 'gists_url': 'https://api.github.com/users/gabuzi/gists{/gist_id}', 'starred_url': 'https://api.github.com/users/gabuzi/starred{/owner}{/repo}', 'subscriptions_url': 'https://api.github.com/users/gabuzi/subscriptions', 'organizations_url': 'https://api.github.com/users/gabuzi/orgs', 'repos_url': 'https://api.github.com/users/gabuzi/repos', 'events_url': 'https://api.github.com/users/gabuzi/events{/privacy}', 'received_events_url': 'https://api.github.com/users/gabuzi/received_events', 'type': 'User', 'site_admin': False}",https://api.github.com/repos/pandas-dev/pandas/issues/57526/timeline
21,"{'login': 'gabuzi', 'id': 15203081, 'node_id': 'MDQ6VXNlcjE1MjAzMDgx', 'avatar_url': 'https://avatars.githubusercontent.com/u/15203081?v=4', 'gravatar_id': '', 'url': 'https://api.github.com/users/gabuzi', 'html_url': 'https://github.com/gabuzi', 'followers_url': 'https://api.github.com/users/gabuzi/followers', 'following_url': 'https://api.github.com/users/gabuzi/following{/other_user}', 'gists_url': 'https://api.github.com/users/gabuzi/gists{/gist_id}', 'starred_url': 'https://api.github.com/users/gabuzi/starred{/owner}{/repo}', 'subscriptions_url': 'https://api.github.com/users/gabuzi/subscriptions', 'organizations_url': 'https://api.github.com/users/gabuzi/orgs', 'repos_url': 'https://api.github.com/users/gabuzi/repos', 'events_url': 'https://api.github.com/users/gabuzi/events{/privacy}', 'received_events_url': 'https://api.github.com/users/gabuzi/received_events', 'type': 'User', 'site_admin': False}",https://api.github.com/repos/pandas-dev/pandas/issues/57525/timeline
22,"{'login': 'Bjoern-Rapp', 'id': 90246213, 'node_id': 'MDQ6VXNlcjkwMjQ2MjEz', 'avatar_url': 'https://avatars.githubusercontent.com/u/90246213?v=4', 'gravatar_id': '', 'url': 'https://api.github.com/users/Bjoern-Rapp', 'html_url': 'https://github.com/Bjoern-Rapp', 'followers_url': 'https://api.github.com/users/Bjoern-Rapp/followers', 'following_url': 'https://api.github.com/users/Bjoern-Rapp/following{/other_user}', 'gists_url': 'https://api.github.com/users/Bjoern-Rapp/gists{/gist_id}', 'starred_url': 'https://api.github.com/users/Bjoern-Rapp/starred{/owner}{/repo}', 'subscriptions_url': 'https://api.github.com/users/Bjoern-Rapp/subscriptions', 'organizations_url': 'https://api.github.com/users/Bjoern-Rapp/orgs', 'repos_url': 'https://api.github.com/users/Bjoern-Rapp/repos', 'events_url': 'https://api.github.com/users/Bjoern-Rapp/events{/privacy}', 'received_events_url': 'https://api.github.com/users/Bjoern-Rapp/received_events', 'type': 'User', 'site_admin': False}",https://api.github.com/repos/pandas-dev/pandas/issues/57524/timeline
23,"{'login': 'mgorny', 'id': 110765, 'node_id': 'MDQ6VXNlcjExMDc2NQ==', 'avatar_url': 'https://avatars.githubusercontent.com/u/110765?v=4', 'gravatar_id': '', 'url': 'https://api.github.com/users/mgorny', 'html_url': 'https://github.com/mgorny', 'followers_url': 'https://api.github.com/users/mgorny/followers', 'following_url': 'https://api.github.com/users/mgorny/following{/other_user}', 'gists_url': 'https://api.github.com/users/mgorny/gists{/gist_id}', 'starred_url': 'https://api.github.com/users/mgorny/starred{/owner}{/repo}', 'subscriptions_url': 'https://api.github.com/users/mgorny/subscriptions', 'organizations_url': 'https://api.github.com/users/mgorny/orgs', 'repos_url': 'https://api.github.com/users/mgorny/repos', 'events_url': 'https://api.github.com/users/mgorny/events{/privacy}', 'received_events_url': 'https://api.github.com/users/mgorny/received_events', 'type': 'User', 'site_admin': False}",https://api.github.com/repos/pandas-dev/pandas/issues/57523/timeline
24,"{'login': 'ffyring', 'id': 12187949, 'node_id': 'MDQ6VXNlcjEyMTg3OTQ5', 'avatar_url': 'https://avatars.githubusercontent.com/u/12187949?v=4', 'gravatar_id': '', 'url': 'https://api.github.com/users/ffyring', 'html_url': 'https://github.com/ffyring', 'followers_url': 'https://api.github.com/users/ffyring/followers', 'following_url': 'https://api.github.com/users/ffyring/following{/other_user}', 'gists_url': 'https://api.github.com/users/ffyring/gists{/gist_id}', 'starred_url': 'https://api.github.com/users/ffyring/starred{/owner}{/repo}', 'subscriptions_url': 'https://api.github.com/users/ffyring/subscriptions', 'organizations_url': 'https://api.github.com/users/ffyring/orgs', 'repos_url': 'https://api.github.com/users/ffyring/repos', 'events_url': 'https://api.github.com/users/ffyring/events{/privacy}', 'received_events_url': 'https://api.github.com/users/ffyring/received_events', 'type': 'User', 'site_admin': False}",https://api.github.com/repos/pandas-dev/pandas/issues/57521/timeline
25,"{'login': 'batterseapower', 'id': 18488, 'node_id': 'MDQ6VXNlcjE4NDg4', 'avatar_url': 'https://avatars.githubusercontent.com/u/18488?v=4', 'gravatar_id': '', 'url': 'https://api.github.com/users/batterseapower', 'html_url': 'https://github.com/batterseapower', 'followers_url': 'https://api.github.com/users/batterseapower/followers', 'following_url': 'https://api.github.com/users/batterseapower/following{/other_user}', 'gists_url': 'https://api.github.com/users/batterseapower/gists{/gist_id}', 'starred_url': 'https://api.github.com/users/batterseapower/starred{/owner}{/repo}', 'subscriptions_url': 'https://api.github.com/users/batterseapower/subscriptions', 'organizations_url': 'https://api.github.com/users/batterseapower/orgs', 'repos_url': 'https://api.github.com/users/batterseapower/repos', 'events_url': 'https://api.github.com/users/batterseapower/events{/privacy}', 'received_events_url': 'https://api.github.com/users/batterseapower/received_events', 'type': 'User', 'site_admin': False}",https://api.github.com/repos/pandas-dev/pandas/issues/57517/timeline
26,"{'login': 'kounoupis', 'id': 861901, 'node_id': 'MDQ6VXNlcjg2MTkwMQ==', 'avatar_url': 'https://avatars.githubusercontent.com/u/861901?v=4', 'gravatar_id': '', 'url': 'https://api.github.com/users/kounoupis', 'html_url': 'https://github.com/kounoupis', 'followers_url': 'https://api.github.com/users/kounoupis/followers', 'following_url': 'https://api.github.com/users/kounoupis/following{/other_user}', 'gists_url': 'https://api.github.com/users/kounoupis/gists{/gist_id}', 'starred_url': 'https://api.github.com/users/kounoupis/starred{/owner}{/repo}', 'subscriptions_url': 'https://api.github.com/users/kounoupis/subscriptions', 'organizations_url': 'https://api.github.com/users/kounoupis/orgs', 'repos_url': 'https://api.github.com/users/kounoupis/repos', 'events_url': 'https://api.github.com/users/kounoupis/events{/privacy}', 'received_events_url': 'https://api.github.com/users/kounoupis/received_events', 'type': 'User', 'site_admin': False}",https://api.github.com/repos/pandas-dev/pandas/issues/57512/timeline
27,"{'login': 'lithomas1', 'id': 47963215, 'node_id': 'MDQ6VXNlcjQ3OTYzMjE1', 'avatar_url': 'https://avatars.githubusercontent.com/u/47963215?v=4', 'gravatar_id': '', 'url': 'https://api.github.com/users/lithomas1', 'html_url': 'https://github.com/lithomas1', 'followers_url': 'https://api.github.com/users/lithomas1/followers', 'following_url': 'https://api.github.com/users/lithomas1/following{/other_user}', 'gists_url': 'https://api.github.com/users/lithomas1/gists{/gist_id}', 'starred_url': 'https://api.github.com/users/lithomas1/starred{/owner}{/repo}', 'subscriptions_url': 'https://api.github.com/users/lithomas1/subscriptions', 'organizations_url': 'https://api.github.com/users/lithomas1/orgs', 'repos_url': 'https://api.github.com/users/lithomas1/repos', 'events_url': 'https://api.github.com/users/lithomas1/events{/privacy}', 'received_events_url': 'https://api.github.com/users/lithomas1/received_events', 'type': 'User', 'site_admin': False}",https://api.github.com/repos/pandas-dev/pandas/issues/57508/timeline
28,"{'login': 'jamespreed', 'id': 7841701, 'node_id': 'MDQ6VXNlcjc4NDE3MDE=', 'avatar_url': 'https://avatars.githubusercontent.com/u/7841701?v=4', 'gravatar_id': '', 'url': 'https://api.github.com/users/jamespreed', 'html_url': 'https://github.com/jamespreed', 'followers_url': 'https://api.github.com/users/jamespreed/followers', 'following_url': 'https://api.github.com/users/jamespreed/following{/other_user}', 'gists_url': 'https://api.github.com/users/jamespreed/gists{/gist_id}', 'starred_url': 'https://api.github.com/users/jamespreed/starred{/owner}{/repo}', 'subscriptions_url': 'https://api.github.com/users/jamespreed/subscriptions', 'organizations_url': 'https://api.github.com/users/jamespreed/orgs', 'repos_url': 'https://api.github.com/users/jamespreed/repos', 'events_url': 'https://api.github.com/users/jamespreed/events{/privacy}', 'received_events_url': 'https://api.github.com/users/jamespreed/received_events', 'type': 'User', 'site_admin': False}",https://api.github.com/repos/pandas-dev/pandas/issues/57505/timeline
29,"{'login': 'yuji38kwmt', 'id': 6350027, 'node_id': 'MDQ6VXNlcjYzNTAwMjc=', 'avatar_url': 'https://avatars.githubusercontent.com/u/6350027?v=4', 'gravatar_id': '', 'url': 'https://api.github.com/users/yuji38kwmt', 'html_url': 'https://github.com/yuji38kwmt', 'followers_url': 'https://api.github.com/users/yuji38kwmt/followers', 'following_url': 'https://api.github.com/users/yuji38kwmt/following{/other_user}', 'gists_url': 'https://api.github.com/users/yuji38kwmt/gists{/gist_id}', 'starred_url': 'https://api.github.com/users/yuji38kwmt/starred{/owner}{/repo}', 'subscriptions_url': 'https://api.github.com/users/yuji38kwmt/subscriptions', 'organizations_url': 'https://api.github.com/users/yuji38kwmt/orgs', 'repos_url': 'https://api.github.com/users/yuji38kwmt/repos', 'events_url': 'https://api.github.com/users/yuji38kwmt/events{/privacy}', 'received_events_url': 'https://api.github.com/users/yuji38kwmt/received_events', 'type': 'User', 'site_admin': False}",https://api.github.com/repos/pandas-dev/pandas/issues/57500/timeline
